0,0.12
1,0.12
2,0.11
3,0.11
4,0.11
5,0.11
6,0.11
7,0.11
8,0.11
9,0.11
10,0.11
11,0.11
12,0.11
13,0.1
14,0.1
15,0.1
16,0.1
17,0.1
18,0.1
19,0.1
20,0.1
21,0.09
22,0.09
23,0.09
24,0.09
25,0.09
26,0.09
27,0.09
28,0.09
29,0.08
30,0.08
31,0.08
32,0.08
33,0.08
34,0.08
35,0.08
36,0.08
37,0.07
38,0.07
39,0.07
40,0.07
41,0.07
42,0.07
43,0.07
44,0.07
45,0.07
46,0.06
47,0.06
48,0.06
49,0.06
50,0.06
51,0.06
52,0.06
53,0.06
54,0.06
55,0.05
56,0.05
57,0.05
58,0.05
59,0.05
60,0.05
61,0.05
62,0.05
63,0.05
64,0.04
65,0.04
66,0.04
67,0.04
68,0.04
69,0.04
70,0.04
71,0.04
72,0.03
73,0.03
74,0.03
75,0.03
76,0.03
77,0.03
78,0.03
79,0.03
80,0.03
81,0.02
82,0.02
83,0.02
84,0.02
85,0.02
86,0.02
87,0.02
88,0.02
89,0.02
90,0.02
91,0.01
92,0.01
93,0.01
94,0.01
95,0.01
96,0.01
97,0.01
98,0.01
99,0.01
100,0.01
101,0.01
102,0
103,0
104,0
105,0
106,0
107,0
108,0
109,0
110,0
111,0
112,0
113,0
114,0
115,-0.01
116,-0.01
117,-0.01
118,-0.01
119,-0.01
120,-0.01
121,-0.01
122,-0.01
123,-0.01
124,-0.01
125,-0.01
126,-0.01
127,-0.01
128,-0.01
129,-0.01
130,-0.01
131,-0.01
132,-0.01
133,-0.01
134,-0.01
135,-0.01
136,-0.01
137,-0.01
138,-0.01
139,-0.01
140,-0.01
141,-0.01
142,-0.01
143,-0.01
144,-0.01
145,-0.01
146,-0.01
147,-0.01
148,-0.01
149,-0.01
150,-0.01
151,-0.01
152,-0.01
153,0
154,0
155,0
156,0
157,0
158,0
159,0
160,0
161,0
162,0
163,0
164,0
165,0
166,0
167,0
168,0
169,0
170,0
171,0
172,0
173,0
174,0
175,0
176,0
177,0
178,0
179,0
180,0
181,0
182,0
183,0
184,0
185,0
186,0
187,0
188,0
189,0
190,0
191,0
192,-0.01
193,-0.01
194,-0.01
195,-0.01
196,-0.01
197,-0.01
198,-0.01
199,-0.01
200,-0.01
201,-0.01
202,-0.01
203,0
204,0
205,0
206,0
207,0
208,0
209,0.01
210,0.01
211,0.01
212,0.02
213,0.02
214,0.02
215,0.03
216,0.04
217,0.04
218,0.05
219,0.06
220,0.07
221,0.08
222,0.09
223,0.1
224,0.11
225,0.12
226,0.14
227,0.15
228,0.17
229,0.19
230,0.21
231,0.23
232,0.25
233,0.27
234,0.29
235,0.32
236,0.34
237,0.37
238,0.4
239,0.43
240,0.46
241,0.49
242,0.52
243,0.55
244,0.58
245,0.62
246,0.65
247,0.69
248,0.72
249,0.76
250,0.79
251,0.83
252,0.87
253,0.91
254,0.94
255,0.98
256,1.02
257,1.06
258,1.1
259,1.13
260,1.17
261,1.21
262,1.25
263,1.29
264,1.32
265,1.36
266,1.4
267,1.43
268,1.47
269,1.51
270,1.54
271,1.58
272,1.62
273,1.65
274,1.69
275,1.73
276,1.76
277,1.8
278,1.83
279,1.87
280,1.9
281,1.94
282,1.97
283,2.01
284,2.05
285,2.08
286,2.12
287,2.15
288,2.19
289,2.22
290,2.26
291,2.29
292,2.33
293,2.37
294,2.4
295,2.44
296,2.47
297,2.51
298,2.54
299,2.58
300,2.62
301,2.65
302,2.69
303,2.72
304,2.76
305,2.79
306,2.83
307,2.86
308,2.9
309,2.93
310,2.97
311,3
312,3.03
313,3.07
314,3.1
315,3.13
316,3.17
317,3.2
318,3.23
319,3.26
320,3.29
321,3.32
322,3.35
323,3.38
324,3.41
325,3.44
326,3.47
327,3.5
328,3.53
329,3.56
330,3.58
331,3.61
332,3.64
333,3.66
334,3.69
335,3.71
336,3.74
337,3.76
338,3.78
339,3.81
340,3.83
341,3.85
342,3.87
343,3.89
344,3.91
345,3.93
346,3.95
347,3.97
348,3.99
349,4
350,4.02
351,4.04
352,4.05
353,4.07
354,4.08
355,4.09
356,4.11
357,4.12
358,4.13
359,4.14
360,4.16
361,4.17
362,4.18
363,4.19
364,4.19
365,4.2
366,4.21
367,4.22
368,4.23
369,4.23
370,4.24
371,4.24
372,4.25
373,4.25
374,4.26
375,4.26
376,4.27
377,4.27
378,4.27
379,4.27
380,4.28
381,4.28
382,4.28
383,4.28
384,4.28
385,4.28
386,4.28
387,4.28
388,4.28
389,4.28
390,4.27
391,4.27
392,4.27
393,4.27
394,4.26
395,4.26
396,4.26
397,4.25
398,4.25
399,4.25
400,4.24
401,4.24
402,4.23
403,4.23
404,4.22
405,4.22
406,4.21
407,4.2
408,4.2
409,4.19
410,4.18
411,4.18
412,4.17
413,4.16
414,4.16
415,4.15
416,4.14
417,4.13
418,4.13
419,4.12
420,4.11
421,4.1
422,4.09
423,4.08
424,4.07
425,4.06
426,4.06
427,4.05
428,4.04
429,4.03
430,4.02
431,4.01
432,4
433,3.98
434,3.97
435,3.96
436,3.95
437,3.94
438,3.93
439,3.92
440,3.91
441,3.9
442,3.88
443,3.87
444,3.86
445,3.85
446,3.83
447,3.82
448,3.81
449,3.8
450,3.78
451,3.77
452,3.76
453,3.75
454,3.73
455,3.72
456,3.71
457,3.69
458,3.68
459,3.67
460,3.65
461,3.64
462,3.63
463,3.61
464,3.6
465,3.58
466,3.57
467,3.56
468,3.54
469,3.53
470,3.51
471,3.5
472,3.49
473,3.47
474,3.46
475,3.44
476,3.43
477,3.42
478,3.4
479,3.39
480,3.37
481,3.36
482,3.34
483,3.33
484,3.31
485,3.3
486,3.28
487,3.27
488,3.25
489,3.24
490,3.22
491,3.21
492,3.19
493,3.17
494,3.16
495,3.14
496,3.12
497,3.11
498,3.09
499,3.07
500,3.06
501,3.04
502,3.02
503,3
504,2.99
505,2.97
506,2.95
507,2.93
508,2.91
509,2.89
510,2.87
511,2.85
512,2.83
513,2.81
514,2.79
515,2.77
516,2.75
517,2.73
518,2.7
519,2.68
520,2.66
521,2.64
522,2.61
523,2.59
524,2.57
525,2.54
526,2.52
527,2.49
528,2.47
529,2.44
530,2.42
531,2.39
532,2.37
533,2.34
534,2.32
535,2.29
536,2.26
537,2.24
538,2.21
539,2.19
540,2.16
541,2.13
542,2.11
543,2.08
544,2.05
545,2.02
546,2
547,1.97
548,1.94
549,1.91
550,1.89
551,1.86
552,1.83
553,1.81
554,1.78
555,1.75
556,1.72
557,1.7
558,1.67
559,1.64
560,1.62
561,1.59
562,1.56
563,1.54
564,1.51
565,1.48
566,1.46
567,1.43
568,1.41
569,1.38
570,1.36
571,1.33
572,1.31
573,1.28
574,1.26
575,1.23
576,1.21
577,1.18
578,1.16
579,1.13
580,1.11
581,1.09
582,1.06
583,1.04
584,1.02
585,1
586,0.97
587,0.95
588,0.93
589,0.91
590,0.88
591,0.86
592,0.84
593,0.82
594,0.8
595,0.78
596,0.76
597,0.74
598,0.72
599,0.7
600,0.68
601,0.66
602,0.64
603,0.62
604,0.6
605,0.58
606,0.56
607,0.54
608,0.52
609,0.5
610,0.48
611,0.47
612,0.45
613,0.43
614,0.41
615,0.39
616,0.38
617,0.36
618,0.34
619,0.33
620,0.31
621,0.29
622,0.28
623,0.26
624,0.24
625,0.23
626,0.21
627,0.2
628,0.18
629,0.17
630,0.16
631,0.14
632,0.13
633,0.12
634,0.1
635,0.09
636,0.08
637,0.07
638,0.05
639,0.04
640,0.03
641,0.02
642,0.01
643,0
644,-0.01
645,-0.02
646,-0.02
647,-0.03
648,-0.04
649,-0.05
650,-0.05
651,-0.06
652,-0.07
653,-0.07
654,-0.08
655,-0.08
656,-0.09
657,-0.09
658,-0.1
659,-0.1
660,-0.1
661,-0.11
662,-0.11
663,-0.11
664,-0.11
665,-0.11
666,-0.12
667,-0.12
668,-0.12
669,-0.12
670,-0.12
671,-0.12
672,-0.12
673,-0.12
674,-0.12
675,-0.12
676,-0.12
677,-0.12
678,-0.12
679,-0.12
680,-0.12
681,-0.11
682,-0.11
683,-0.11
684,-0.11
685,-0.11
686,-0.11
687,-0.11
688,-0.11
689,-0.1
690,-0.1
691,-0.1
692,-0.1
693,-0.1
694,-0.1
695,-0.1
696,-0.1
697,-0.09
698,-0.09
699,-0.09
700,-0.09
701,-0.09
702,-0.09
703,-0.09
704,-0.09
705,-0.09
706,-0.08
707,-0.08
708,-0.08
709,-0.08
710,-0.08
711,-0.08
712,-0.08
713,-0.08
714,-0.07
715,-0.07
716,-0.07
717,-0.07
718,-0.07
719,-0.07
720,-0.07
721,-0.07
722,-0.06
723,-0.06
724,-0.06
725,-0.06
726,-0.06
727,-0.06
728,-0.06
729,-0.06
730,-0.05
731,-0.05
732,-0.05
733,-0.05
734,-0.05
735,-0.05
736,-0.05
737,-0.05
738,-0.05
739,-0.05
740,-0.05
741,-0.05
742,-0.04
743,-0.04
744,-0.04
745,-0.04
746,-0.04
747,-0.04
748,-0.04
749,-0.04
750,-0.04
751,-0.04
752,-0.04
753,-0.04
754,-0.04
755,-0.04
756,-0.04
757,-0.04
758,-0.04
759,-0.04
760,-0.03
761,-0.03
762,-0.03
763,-0.03
764,-0.03
765,-0.03
766,-0.03
767,-0.03
768,-0.03
769,-0.03
770,-0.02
771,-0.02
772,-0.02
773,-0.02
774,-0.02
775,-0.02
776,-0.02
777,-0.01
778,-0.01
779,-0.01
780,-0.01
781,-0.01
782,-0.01
783,-0.01
784,0
785,0
786,0
787,0
788,0
789,0
790,0.01
791,0.01
792,0.01
793,0.01
794,0.01
795,0.01
796,0.01
797,0.02
798,0.02
799,0.02
800,0.02
801,0.02
802,0.02
803,0.03
804,0.03
805,0.03
806,0.03
807,0.03
808,0.03
809,0.03
810,0.04
811,0.04
812,0.04
813,0.04
814,0.04
815,0.04
816,0.05
817,0.05
818,0.05
819,0.05
820,0.05
821,0.05
822,0.06
823,0.06
824,0.06
825,0.06
826,0.06
827,0.06
828,0.07
829,0.07
830,0.07
831,0.07
832,0.07
833,0.07
834,0.07
835,0.07
836,0.07
837,0.08
838,0.08
839,0.08
840,0.08
841,0.08
842,0.08
843,0.08
844,0.08
845,0.08
846,0.08
847,0.08
848,0.08
849,0.08
850,0.08
851,0.09
852,0.09
853,0.09
854,0.09
855,0.09
856,0.09
857,0.09
858,0.09
859,0.09
860,0.09
861,0.09
862,0.09
863,0.09
864,0.09
865,0.09
866,0.1
867,0.1
868,0.1
869,0.1
870,0.1
871,0.1
872,0.1
873,0.1
874,0.1
875,0.1
876,0.1
877,0.11
878,0.11
879,0.11
880,0.11
881,0.11
882,0.11
883,0.11
884,0.11
885,0.11
886,0.11
887,0.11
888,0.11
889,0.12
890,0.12
891,0.12
892,0.12
893,0.12
894,0.12
895,0.12
896,0.12
897,0.12
898,0.12
899,0.12
900,0.12
901,0.12
902,0.12
